entry_time,spot_price,strike,ce_symbol,pe_symbol,ce_entry,pe_entry,ce_exit,pe_exit,ce_exit_time,pe_exit_time,ce_exit_reason,pe_exit_reason,ce_pnl,pe_pnl,total_pnl,exit_time,cum_pnl
2021-01-01 09:20:00,14020.7,14000,NIFTY07JAN2114000CE,NIFTY07JAN2114000PE,131.15,117.15,169.0,56.4,2021-01-04 15:15:00,2021-01-04 09:15:00,Held,PE SL hit,2838.7499999999995,-4556.250000000001,-1717.5000000000014,2021-01-04 15:15:00,-1717.5000000000014
2021-01-08 09:20:00,14235.9,14250,NIFTY14JAN2114250CE,NIFTY14JAN2114250PE,101.7,120.25,248.1,52.0,2021-01-11 15:15:00,2021-01-11 09:15:00,Held,PE SL hit,10979.999999999998,-5118.75,5861.249999999998,2021-01-11 15:15:00,4143.749999999996
2021-01-15 09:20:00,14597.55,14600,NIFTY21JAN2114600CE,NIFTY21JAN2114600PE,130.6,135.05,55.95,323.45,2021-01-18 09:15:00,2021-01-18 15:15:00,CE SL hit,Held,-5598.749999999999,14129.999999999998,8531.25,2021-01-18 15:15:00,12674.999999999996
2021-01-22 09:20:00,14587.7,14600,NIFTY28JAN2114600CE,NIFTY28JAN2114600PE,128.55,147.05,55.5,355.6,2021-01-22 15:00:00,2021-01-25 15:15:00,CE SL hit,Held,-5478.750000000001,15641.25,10162.5,2021-01-25 15:15:00,22837.499999999996
2021-01-29 09:20:00,13953.7,13950,NIFTY04FEB2113950CE,NIFTY04FEB2113950PE,210.85,209.15,100.7,102.35,2021-01-29 15:03:00,2021-02-01 13:00:00,CE SL hit,PE SL hit,-8261.25,-8010.000000000001,-16271.25,2021-02-01 15:15:00,6566.249999999996
2021-02-05 09:20:00,14990.05,15000,NIFTY11FEB2115000CE,NIFTY11FEB2115000PE,143.3,187.7,191.05,84.25,2021-02-08 15:15:00,2021-02-08 10:03:00,Held,PE SL hit,3581.25,-7758.749999999999,-4177.499999999999,2021-02-08 15:15:00,2388.7499999999973
2021-02-12 09:20:00,15196.2,15200,NIFTY18FEB2115200CE,NIFTY18FEB2115200PE,133.85,136.7,176.85,68.35,2021-02-15 15:15:00,2021-02-15 10:11:00,Held,PE SL hit,3225.0,-5126.25,-1901.25,2021-02-15 15:15:00,487.49999999999727
2021-02-19 09:20:00,15057.05,15050,NIFTY25FEB2115050CE,NIFTY25FEB2115050PE,138.95,145.2,43.8,376.65,2021-02-22 11:26:00,2021-02-22 15:15:00,CE SL hit,Held,-7136.249999999999,17358.75,10222.5,2021-02-22 15:15:00,10709.999999999996
2021-02-26 09:20:00,14846.2,14850,NIFTY04MAR2114850CE,NIFTY04MAR2114850PE,173.7,188.7,85.05,184.0,2021-02-26 15:15:00,2021-03-01 15:15:00,CE SL hit,Held,-6648.749999999999,-352.49999999999915,-7001.249999999998,2021-03-01 15:15:00,3708.749999999998
2021-03-12 09:20:00,15317.85,15300,NIFTY18MAR2115300CE,NIFTY18MAR2115300PE,164.9,136.0,79.6,369.85,2021-03-12 13:43:00,2021-03-15 15:15:00,CE SL hit,Held,-6397.500000000001,17538.75,11141.25,2021-03-15 15:15:00,14849.999999999998
2021-03-19 09:20:00,14442.15,14450,NIFTY25MAR2114450CE,NIFTY25MAR2114450PE,207.75,201.9,347.05,98.6,2021-03-22 15:15:00,2021-03-19 14:16:00,Held,PE SL hit,10447.5,-7747.500000000001,2699.999999999999,2021-03-22 15:15:00,17549.999999999996
2021-04-09 09:20:00,14830.55,14850,NIFTY15APR2114850CE,NIFTY15APR2114850PE,147.0,168.45,13.6,538.35,2021-04-12 10:15:00,2021-04-12 15:15:00,CE SL hit,Held,-10005.0,27742.500000000004,17737.500000000004,2021-04-12 15:15:00,35287.5
2021-04-16 09:20:00,14603.65,14600,NIFTY22APR2114600CE,NIFTY22APR2114600PE,154.6,149.9,31.55,280.8,2021-04-19 09:17:00,2021-04-19 15:15:00,CE SL hit,Held,-9228.75,9817.5,588.75,2021-04-19 15:15:00,35876.25
2021-04-23 09:20:00,14391.4,14400,NIFTY29APR2114400CE,NIFTY29APR2114400PE,167.4,182.15,186.25,90.9,2021-04-26 15:15:00,2021-04-26 13:53:00,Held,PE SL hit,1413.7499999999995,-6843.75,-5430.0,2021-04-26 15:15:00,30446.25
2021-04-30 09:20:00,14761.25,14750,NIFTY06MAY2114750CE,NIFTY06MAY2114750PE,188.0,182.9,42.05,196.0,2021-05-03 09:16:00,2021-05-03 15:15:00,CE SL hit,Held,-10946.25,982.4999999999995,-9963.75,2021-05-03 15:15:00,20482.5
2021-05-14 09:20:00,14715.9,14700,NIFTY20MAY2114700CE,NIFTY20MAY2114700PE,144.0,127.95,256.0,63.35,2021-05-17 15:15:00,2021-05-17 10:11:00,Held,PE SL hit,8400.0,-4845.0,3555.0,2021-05-17 15:15:00,24037.5
2021-05-21 09:20:00,15013.35,15000,NIFTY27MAY2115000CE,NIFTY27MAY2115000PE,138.7,112.75,232.6,55.5,2021-05-24 15:15:00,2021-05-21 14:34:00,Held,PE SL hit,7042.5,-4293.75,2748.75,2021-05-24 15:15:00,26786.25
2021-05-28 09:20:00,15434.3,15450,NIFTY03JUN2115450CE,NIFTY03JUN2115450PE,109.1,128.85,156.75,55.3,2021-05-31 15:15:00,2021-05-31 14:00:00,Held,PE SL hit,3573.7500000000005,-5516.25,-1942.4999999999995,2021-05-31 15:15:00,24843.75
2021-06-04 09:20:00,15686.75,15700,NIFTY10JUN2115700CE,NIFTY10JUN2115700PE,106.0,121.75,117.6,55.7,2021-06-07 15:15:00,2021-06-07 14:18:00,Held,PE SL hit,869.9999999999995,-4953.75,-4083.7500000000005,2021-06-07 15:15:00,20760.0
2021-06-11 09:20:00,15814.4,15800,NIFTY17JUN2115800CE,NIFTY17JUN2115800PE,103.25,99.25,51.0,70.0,2021-06-14 09:23:00,2021-06-14 15:15:00,CE SL hit,Held,-3918.75,-2193.75,-6112.5,2021-06-14 15:15:00,14647.5
2021-06-18 09:20:00,15705.35,15700,NIFTY24JUN2115700CE,NIFTY24JUN2115700PE,112.45,104.95,53.1,66.1,2021-06-21 09:46:00,2021-06-21 15:15:00,CE SL hit,Held,-4451.25,-2913.7500000000005,-7365.0,2021-06-21 15:15:00,7282.5
2021-06-25 09:20:00,15811.9,15800,NIFTY01JUL2115800CE,NIFTY01JUL2115800PE,121.15,109.35,99.75,53.45,2021-06-28 15:15:00,2021-06-28 09:15:00,Held,PE SL hit,-1605.0000000000005,-4192.499999999999,-5797.5,2021-06-28 15:15:00,1485.0
2021-07-02 09:20:00,15677.4,15700,NIFTY08JUL2115700CE,NIFTY08JUL2115700PE,79.65,104.45,155.7,23.3,2021-07-05 15:15:00,2021-07-05 12:13:00,Held,PE SL hit,5703.749999999999,-6086.25,-382.5000000000009,2021-07-05 15:15:00,1102.499999999999
2021-07-09 09:20:00,15652.45,15650,NIFTY15JUL2115650CE,NIFTY15JUL2115650PE,108.4,104.7,97.4,34.15,2021-07-12 15:15:00,2021-07-12 09:15:00,Held,PE SL hit,-825.0,-5291.250000000001,-6116.250000000001,2021-07-12 15:15:00,-5013.750000000002
2021-07-16 09:20:00,15941.15,15950,NIFTY22JUL2115950CE,NIFTY22JUL2115950PE,79.95,88.2,16.7,205.4,2021-07-19 09:16:00,2021-07-19 15:15:00,CE SL hit,Held,-4743.75,8790.0,4046.25,2021-07-19 15:15:00,-967.5000000000018
2021-07-23 09:20:00,15871.65,15850,NIFTY29JUL2115850CE,NIFTY29JUL2115850PE,90.0,75.85,55.05,83.8,2021-07-26 15:15:00,2021-07-26 15:15:00,Held,Held,-2621.25,596.2500000000002,-2024.9999999999998,2021-07-26 15:15:00,-2992.500000000002
2021-07-30 09:20:00,15788.25,15800,NIFTY05AUG2115800CE,NIFTY05AUG2115800PE,78.45,102.45,115.7,50.75,2021-08-02 15:15:00,2021-08-02 09:21:00,Held,PE SL hit,2793.75,-3877.5,-1083.75,2021-08-02 15:15:00,-4076.250000000002
2021-08-06 09:20:00,16307.4,16300,NIFTY12AUG2116300CE,NIFTY12AUG2116300PE,100.0,105.7,42.8,93.25,2021-08-09 15:01:00,2021-08-09 15:15:00,CE SL hit,Held,-4290.0,-933.7500000000002,-5223.75,2021-08-09 15:15:00,-9300.000000000002
2021-08-20 09:20:00,16457.2,16450,NIFTY26AUG2116450CE,NIFTY26AUG2116450PE,102.1,116.8,103.25,47.5,2021-08-23 15:15:00,2021-08-23 09:21:00,Held,PE SL hit,86.25000000000043,-5197.5,-5111.25,2021-08-23 15:15:00,-14411.250000000002
2021-08-27 09:20:00,16653.55,16650,NIFTY02SEP2116650CE,NIFTY02SEP2116650PE,91.35,100.1,282.4,17.85,2021-08-30 15:15:00,2021-08-30 14:18:00,Held,PE SL hit,14328.749999999998,-6168.75,8159.999999999998,2021-08-30 15:15:00,-6251.250000000004
2021-09-03 09:20:00,17305.05,17300,NIFTY09SEP2117300CE,NIFTY09SEP2117300PE,112.75,114.65,143.3,53.65,2021-09-06 15:15:00,2021-09-06 14:38:00,Held,PE SL hit,2291.250000000001,-4575.000000000001,-2283.75,2021-09-06 15:15:00,-8535.000000000004
2021-09-17 09:20:00,17713.3,17700,NIFTY23SEP2117700CE,NIFTY23SEP2117700PE,108.2,107.6,53.1,323.0,2021-09-17 14:32:00,2021-09-20 15:15:00,CE SL hit,Held,-4132.5,16155.0,12022.5,2021-09-20 15:15:00,3487.4999999999964
2021-09-24 09:20:00,17944.8,17950,NIFTY30SEP2117950CE,NIFTY30SEP2117950PE,128.65,145.2,63.8,153.3,2021-09-27 11:34:00,2021-09-27 15:15:00,CE SL hit,Held,-4863.750000000001,607.5000000000017,-4256.249999999999,2021-09-27 15:15:00,-768.7500000000027
2021-10-01 09:20:00,17473.15,17450,NIFTY07OCT2117450CE,NIFTY07OCT2117450PE,170.65,158.45,284.15,55.0,2021-10-04 15:15:00,2021-10-04 09:29:00,Held,PE SL hit,8512.499999999998,-7758.749999999999,753.7499999999991,2021-10-04 15:15:00,-15.000000000003638
2021-10-08 09:20:00,17856.35,17850,NIFTY14OCT2117850CE,NIFTY14OCT2117850PE,130.2,125.0,166.3,40.05,2021-10-11 15:15:00,2021-10-11 12:41:00,Held,PE SL hit,2707.500000000002,-6371.25,-3663.749999999998,2021-10-11 15:15:00,-3678.750000000002
2021-10-22 09:20:00,18259.0,18250,NIFTY28OCT2118250CE,NIFTY28OCT2118250PE,157.05,131.35,72.8,180.65,2021-10-22 14:26:00,2021-10-25 15:15:00,CE SL hit,Held,-6318.750000000001,3697.500000000001,-2621.25,2021-10-25 15:15:00,-6300.000000000002
2021-11-12 09:20:00,17969.35,17950,NIFTY18NOV2117950CE,NIFTY18NOV2117950PE,135.35,117.8,227.5,58.5,2021-11-15 15:15:00,2021-11-12 14:34:00,Held,PE SL hit,6911.25,-4447.5,2463.75,2021-11-15 15:15:00,-3836.250000000002
2021-11-26 09:20:00,17318.8,17300,NIFTY02DEC2117300CE,NIFTY02DEC2117300PE,165.35,135.8,82.25,271.1,2021-11-26 14:17:00,2021-11-29 15:15:00,CE SL hit,Held,-6232.5,10147.5,3915.0,2021-11-29 15:15:00,78.74999999999818
2021-12-03 09:20:00,17478.35,17500,NIFTY09DEC2117500CE,NIFTY09DEC2117500PE,138.0,161.45,43.35,574.8,2021-12-03 14:25:00,2021-12-06 15:15:00,CE SL hit,Held,-7098.75,31001.249999999996,23902.499999999996,2021-12-06 15:15:00,23981.249999999993
2021-12-10 09:20:00,17485.8,17500,NIFTY16DEC2117500CE,NIFTY16DEC2117500PE,131.4,150.1,64.25,59.95,2021-12-13 13:58:00,2021-12-13 09:31:00,CE SL hit,PE SL hit,-5036.25,-6761.249999999999,-11797.5,2021-12-13 15:15:00,12183.749999999993
2021-12-17 09:20:00,17202.65,17200,NIFTY23DEC2117200CE,NIFTY23DEC2117200PE,144.75,139.35,68.0,571.75,2021-12-17 15:23:00,2021-12-20 15:15:00,CE SL hit,Held,-5756.25,32430.0,26673.75,2021-12-20 15:15:00,38857.49999999999
2021-12-24 09:20:00,17074.4,17050,NIFTY30DEC2117050CE,NIFTY30DEC2117050PE,160.9,129.15,78.3,93.05,2021-12-27 09:29:00,2021-12-27 15:15:00,CE SL hit,Held,-6195.000000000001,-2707.5000000000005,-8902.500000000002,2021-12-27 15:15:00,29954.999999999993
2021-12-31 09:20:00,17303.15,17300,NIFTY06JAN2217300CE,NIFTY06JAN2217300PE,132.85,136.25,350.3,62.75,2022-01-03 15:15:00,2022-01-03 09:16:00,Held,PE SL hit,16308.750000000002,-5512.5,10796.250000000002,2022-01-03 15:15:00,40751.24999999999
2022-01-07 09:20:00,17846.9,17850,NIFTY13JAN2217850CE,NIFTY13JAN2217850PE,151.05,149.9,217.0,73.9,2022-01-10 15:15:00,2022-01-10 12:15:00,Held,PE SL hit,4946.249999999999,-5700.0,-753.7500000000009,2022-01-10 15:15:00,39997.49999999999
2022-01-14 09:20:00,18146.35,18150,NIFTY20JAN2218150CE,NIFTY20JAN2218150PE,137.2,136.2,214.55,51.7,2022-01-17 15:15:00,2022-01-17 11:34:00,Held,PE SL hit,5801.250000000002,-6337.499999999999,-536.2499999999973,2022-01-17 15:15:00,39461.24999999999
2022-01-21 09:20:00,17562.6,17550,NIFTY27JAN2217550CE,NIFTY27JAN2217550PE,187.75,161.35,92.65,405.75,2022-01-24 10:00:00,2022-01-24 15:15:00,CE SL hit,Held,-7132.5,18330.0,11197.5,2022-01-24 15:15:00,50658.74999999999
2022-01-28 09:20:00,17298.4,17300,NIFTY03FEB2217300CE,NIFTY03FEB2217300PE,257.1,256.4,261.55,212.5,2022-01-31 15:15:00,2022-01-31 15:15:00,Held,Held,333.74999999999915,-3292.499999999998,-2958.749999999999,2022-01-31 15:15:00,47699.99999999999
2022-02-04 09:20:00,17485.25,17500,NIFTY10FEB2217500CE,NIFTY10FEB2217500PE,170.4,179.9,45.0,316.55,2022-02-07 13:25:00,2022-02-07 15:15:00,CE SL hit,Held,-9405.0,10248.75,843.75,2022-02-07 15:15:00,48543.74999999999
2022-02-11 09:20:00,17433.8,17450,NIFTY17FEB2217450CE,NIFTY17FEB2217450PE,137.25,159.75,28.45,616.75,2022-02-14 10:22:00,2022-02-14 15:15:00,CE SL hit,Held,-8160.0,34275.0,26115.0,2022-02-14 15:15:00,74658.75
2022-02-18 09:20:00,17264.85,17250,NIFTY24FEB2217250CE,NIFTY24FEB2217250PE,233.85,215.1,109.4,181.4,2022-02-21 09:34:00,2022-02-21 15:15:00,CE SL hit,Held,-9333.75,-2527.499999999999,-11861.25,2022-02-21 15:15:00,62797.5
2022-02-25 09:20:00,16582.8,16600,NIFTY03MAR2216600CE,NIFTY03MAR2216600PE,239.0,265.1,339.45,168.0,2022-02-28 15:15:00,2022-02-28 15:15:00,Held,Held,7533.749999999999,-7282.500000000002,251.24999999999727,2022-02-28 15:15:00,63048.75
2022-03-04 09:20:00,16278.95,16300,NIFTY10MAR2216300CE,NIFTY10MAR2216300PE,257.2,291.9,65.5,485.7,2022-03-07 09:20:00,2022-03-07 15:15:00,CE SL hit,Held,-14377.5,14535.0,157.5,2022-03-07 15:15:00,63206.25
2022-03-11 09:20:00,16548.65,16550,NIFTY17MAR2216550CE,NIFTY17MAR2216550PE,238.9,232.95,412.25,109.75,2022-03-14 15:15:00,2022-03-14 14:31:00,Held,PE SL hit,13001.25,-9240.0,3761.25,2022-03-14 15:15:00,66967.5
2022-03-25 09:20:00,17234.35,17250,NIFTY31MAR2217250CE,NIFTY31MAR2217250PE,195.45,189.05,95.8,123.3,2022-03-28 09:30:00,2022-03-28 15:15:00,CE SL hit,Held,-7473.749999999999,-4931.250000000001,-12405.0,2022-03-28 15:15:00,54562.5
2022-04-01 09:20:00,17485.4,17500,NIFTY07APR2217500CE,NIFTY07APR2217500PE,161.1,175.45,578.5,83.1,2022-04-04 15:15:00,2022-04-01 15:03:00,Held,PE SL hit,31305.0,-6926.25,24378.75,2022-04-04 15:15:00,78941.25
2022-04-22 09:20:00,17214.75,17200,NIFTY28APR2217200CE,NIFTY28APR2217200PE,163.15,149.05,50.45,298.25,2022-04-25 09:17:00,2022-04-25 15:15:00,CE SL hit,Held,-8452.5,11190.0,2737.5,2022-04-25 15:15:00,81678.75
2022-04-29 09:20:00,17326.5,17350,NIFTY05MAY2217350CE,NIFTY05MAY2217350PE,135.35,155.0,61.4,311.55,2022-04-29 15:12:00,2022-05-02 15:15:00,CE SL hit,Held,-5546.249999999999,11741.25,6195.000000000001,2022-05-02 15:15:00,87873.75
2022-05-06 09:20:00,16402.2,16400,NIFTY12MAY2216400CE,NIFTY12MAY2216400PE,194.6,188.0,94.9,197.4,2022-05-09 09:15:00,2022-05-09 15:15:00,CE SL hit,Held,-7477.499999999999,705.0000000000005,-6772.499999999998,2022-05-09 15:15:00,81101.25
2022-05-13 09:20:00,15947.45,15950,NIFTY19MAY2215950CE,NIFTY19MAY2215950PE,194.5,190.1,93.8,220.65,2022-05-13 15:11:00,2022-05-16 15:15:00,CE SL hit,Held,-7552.5,2291.250000000001,-5261.249999999999,2022-05-16 15:15:00,75840.0
2022-05-20 09:20:00,16083.75,16100,NIFTY26MAY2216100CE,NIFTY26MAY2216100PE,170.1,202.3,201.5,82.6,2022-05-23 15:15:00,2022-05-23 11:09:00,Held,PE SL hit,2355.0000000000005,-8977.500000000002,-6622.500000000002,2022-05-23 15:15:00,69217.5
2022-05-27 09:20:00,16296.4,16300,NIFTY02JUN2216300CE,NIFTY02JUN2216300PE,180.0,186.9,377.0,63.85,2022-05-30 15:15:00,2022-05-30 09:15:00,Held,PE SL hit,14775.0,-9228.75,5546.25,2022-05-30 15:15:00,74763.75
2022-06-03 09:20:00,16776.6,16800,NIFTY09JUN2216800CE,NIFTY09JUN2216800PE,150.55,173.9,73.95,271.55,2022-06-03 14:58:00,2022-06-06 15:15:00,CE SL hit,Held,-5745.000000000001,7323.75,1578.749999999999,2022-06-06 15:15:00,76342.5
2022-06-10 09:20:00,16309.25,16300,NIFTY16JUN2216300CE,NIFTY16JUN2216300PE,156.7,152.1,17.85,547.35,2022-06-13 10:17:00,2022-06-13 15:15:00,CE SL hit,Held,-10413.75,29643.75,19230.0,2022-06-13 15:15:00,95572.5
2022-06-17 09:20:00,15293.35,15300,NIFTY23JUN2215300CE,NIFTY23JUN2215300PE,208.85,197.6,180.25,117.4,2022-06-20 15:15:00,2022-06-20 15:15:00,Held,Held,-2144.9999999999995,-6014.999999999999,-8159.999999999998,2022-06-20 15:15:00,87412.5
2022-06-24 09:20:00,15741.2,15750,NIFTY30JUN2215750CE,NIFTY30JUN2215750PE,164.05,177.3,173.7,86.3,2022-06-27 15:15:00,2022-06-27 09:15:00,Held,PE SL hit,723.7499999999983,-6825.000000000001,-6101.250000000003,2022-06-27 15:15:00,81311.25
2022-07-01 09:20:00,15689.25,15700,NIFTY07JUL2215700CE,NIFTY07JUL2215700PE,156.95,194.3,205.55,95.0,2022-07-04 15:15:00,2022-07-04 14:17:00,Held,PE SL hit,3645.000000000002,-7447.500000000001,-3802.499999999999,2022-07-04 15:15:00,77508.75
2022-07-08 09:20:00,16204.1,16200,NIFTY14JUL2216200CE,NIFTY14JUL2216200PE,145.3,146.55,117.4,106.4,2022-07-11 15:15:00,2022-07-11 15:15:00,Held,Held,-2092.5000000000005,-3011.2500000000005,-5103.750000000001,2022-07-11 15:15:00,72405.0
2022-07-15 09:20:00,16026.25,16050,NIFTY21JUL2216050CE,NIFTY21JUL2216050PE,114.95,143.6,254.85,54.4,2022-07-18 15:15:00,2022-07-18 09:15:00,Held,PE SL hit,10492.499999999998,-6689.999999999999,3802.499999999999,2022-07-18 15:15:00,76207.5
2022-07-22 09:20:00,16686.85,16700,NIFTY28JUL2216700CE,NIFTY28JUL2216700PE,113.3,141.15,56.5,139.75,2022-07-25 11:19:00,2022-07-25 15:15:00,CE SL hit,Held,-4260.0,-105.00000000000043,-4365.0,2022-07-25 15:15:00,71842.5
2022-07-29 09:20:00,17108.05,17100,NIFTY04AUG2217100CE,NIFTY04AUG2217100PE,143.2,126.35,278.0,58.4,2022-08-01 15:15:00,2022-08-01 09:49:00,Held,PE SL hit,10110.0,-5096.249999999999,5013.750000000001,2022-08-01 15:15:00,76856.25
2022-08-05 09:20:00,17413.15,17400,NIFTY11AUG2217400CE,NIFTY11AUG2217400PE,176.85,153.95,195.35,70.75,2022-08-08 15:15:00,2022-08-08 12:16:00,Held,PE SL hit,1387.5,-6239.999999999999,-4852.499999999999,2022-08-08 15:15:00,72003.75
2022-08-19 09:20:00,17961.5,17950,NIFTY25AUG2217950CE,NIFTY25AUG2217950PE,126.95,114.4,62.55,453.4,2022-08-19 14:21:00,2022-08-22 15:15:00,CE SL hit,Held,-4830.0,25425.0,20595.0,2022-08-22 15:15:00,92598.75
2022-08-26 09:20:00,17663.4,17650,NIFTY01SEP2217650CE,NIFTY01SEP2217650PE,150.4,127.2,12.95,364.0,2022-08-29 09:15:00,2022-08-29 15:15:00,CE SL hit,Held,-10308.750000000002,17760.0,7451.249999999998,2022-08-29 15:15:00,100050.0
2022-09-02 09:20:00,17588.85,17600,NIFTY08SEP2217600CE,NIFTY08SEP2217600PE,157.2,175.7,172.8,96.6,2022-09-05 15:15:00,2022-09-05 15:15:00,Held,Held,1170.0000000000018,-5932.5,-4762.499999999998,2022-09-05 15:15:00,95287.5
2022-09-09 09:20:00,17892.9,17900,NIFTY15SEP2217900CE,NIFTY15SEP2217900PE,136.45,135.95,140.75,97.95,2022-09-12 15:15:00,2022-09-12 15:15:00,Held,Held,322.50000000000085,-2849.999999999999,-2527.499999999998,2022-09-12 15:15:00,92760.0
2022-09-16 09:20:00,17778.7,17800,NIFTY22SEP2217800CE,NIFTY22SEP2217800PE,148.65,171.55,71.8,250.6,2022-09-16 14:17:00,2022-09-19 15:15:00,CE SL hit,Held,-5763.750000000001,5928.749999999999,164.99999999999818,2022-09-19 15:15:00,92925.0
2022-09-23 09:20:00,17548.55,17550,NIFTY29SEP2217550CE,NIFTY29SEP2217550PE,170.5,172.6,33.3,541.0,2022-09-26 09:23:00,2022-09-26 15:15:00,CE SL hit,Held,-10290.0,27630.0,17340.0,2022-09-26 15:15:00,110265.0
2022-09-30 09:20:00,16790.65,16800,NIFTY06OCT2216800CE,NIFTY06OCT2216800PE,186.15,195.2,185.2,73.55,2022-10-03 15:15:00,2022-09-30 12:37:00,Held,PE SL hit,-71.25000000000128,-9123.75,-9195.000000000002,2022-10-03 15:15:00,101070.0
2022-10-07 09:20:00,17302.7,17300,NIFTY13OCT2217300CE,NIFTY13OCT2217300PE,147.6,155.65,57.35,149.1,2022-10-10 09:15:00,2022-10-10 15:15:00,CE SL hit,Held,-6768.75,-491.25000000000085,-7260.000000000001,2022-10-10 15:15:00,93810.0
2022-10-14 09:20:00,17315.6,17300,NIFTY20OCT2217300CE,NIFTY20OCT2217300PE,162.65,137.55,74.55,129.5,2022-10-17 09:15:00,2022-10-17 15:15:00,CE SL hit,Held,-6607.500000000001,-603.7500000000009,-7211.250000000002,2022-10-17 15:15:00,86598.75
2022-10-28 09:20:00,17795.65,17800,NIFTY03NOV2217800CE,NIFTY03NOV2217800PE,132.5,129.7,248.65,52.75,2022-10-31 15:15:00,2022-10-31 09:15:00,Held,PE SL hit,8711.25,-5771.249999999999,2940.000000000001,2022-10-31 15:15:00,89538.75
2022-11-04 09:20:00,18083.9,18100,NIFTY10NOV2218100CE,NIFTY10NOV2218100PE,125.9,125.6,153.05,42.25,2022-11-07 15:15:00,2022-11-07 09:15:00,Held,PE SL hit,2036.2500000000005,-6251.25,-4215.0,2022-11-07 15:15:00,85323.75
2022-11-11 09:20:00,18293.9,18300,NIFTY17NOV2218300CE,NIFTY17NOV2218300PE,119.6,102.45,112.9,50.5,2022-11-14 15:15:00,2022-11-14 13:43:00,Held,PE SL hit,-502.49999999999915,-3896.25,-4398.749999999999,2022-11-14 15:15:00,80925.0
2022-11-18 09:20:00,18345.95,18350,NIFTY24NOV2218350CE,NIFTY24NOV2218350PE,124.85,96.9,35.7,175.3,2022-11-21 09:28:00,2022-11-21 15:15:00,CE SL hit,Held,-6686.249999999999,5880.0,-806.2499999999991,2022-11-21 15:15:00,80118.75
2022-11-25 09:20:00,18476.2,18500,NIFTY01DEC2218500CE,NIFTY01DEC2218500PE,105.75,95.25,129.3,46.6,2022-11-28 15:15:00,2022-11-28 12:00:00,Held,PE SL hit,1766.250000000001,-3648.75,-1882.499999999999,2022-11-28 15:15:00,78236.25
2022-12-02 09:20:00,18750.8,18750,NIFTY08DEC2218750CE,NIFTY08DEC2218750PE,134.65,89.9,66.6,98.2,2022-12-05 09:31:00,2022-12-05 15:15:00,CE SL hit,Held,-5103.750000000001,622.4999999999998,-4481.250000000001,2022-12-05 15:15:00,73755.0
2022-12-09 09:20:00,18650.25,18650,NIFTY15DEC2218650CE,NIFTY15DEC2218650PE,120.0,72.5,55.85,140.8,2022-12-09 12:45:00,2022-12-12 15:15:00,CE SL hit,Held,-4811.25,5122.500000000001,311.2500000000009,2022-12-12 15:15:00,74066.25
2022-12-16 09:20:00,18360.25,18350,NIFTY22DEC2218350CE,NIFTY22DEC2218350PE,124.3,98.6,147.4,46.85,2022-12-19 15:15:00,2022-12-19 14:56:00,Held,PE SL hit,1732.5000000000007,-3881.2499999999995,-2148.749999999999,2022-12-19 15:15:00,71917.5
2022-12-23 09:20:00,18006.5,18000,NIFTY29DEC2218000CE,NIFTY29DEC2218000PE,182.15,112.45,87.8,89.45,2022-12-23 13:39:00,2022-12-26 15:15:00,CE SL hit,Held,-7076.250000000001,-1725.0,-8801.25,2022-12-26 15:15:00,63116.25
2022-12-30 09:20:00,18235.4,18250,NIFTY05JAN2318250CE,NIFTY05JAN2318250PE,115.5,114.7,56.75,111.0,2022-12-30 15:16:00,2023-01-02 15:15:00,CE SL hit,Held,-4406.25,-277.5000000000002,-4683.75,2023-01-02 15:15:00,58432.5
2023-01-06 09:20:00,17984.05,18000,NIFTY12JAN2318000CE,NIFTY12JAN2318000PE,124.2,114.95,59.75,57.1,2023-01-06 13:02:00,2023-01-09 10:04:00,CE SL hit,PE SL hit,-4833.75,-4338.75,-9172.5,2023-01-09 15:15:00,49260.0
2023-01-13 09:20:00,17817.8,17800,NIFTY19JAN2317800CE,NIFTY19JAN2317800PE,160.4,117.7,159.5,58.15,2023-01-16 15:15:00,2023-01-13 12:49:00,Held,PE SL hit,-67.50000000000043,-4466.25,-4533.75,2023-01-16 15:15:00,44726.25
2023-01-27 09:20:00,17809.85,17800,NIFTY02FEB2317800CE,NIFTY02FEB2317800PE,215.75,165.6,94.35,243.25,2023-01-27 14:05:00,2023-01-30 15:15:00,CE SL hit,Held,-9105.0,5823.75,-3281.25,2023-01-30 15:15:00,41445.0
2023-02-03 09:20:00,17702.95,17700,NIFTY09FEB2317700CE,NIFTY09FEB2317700PE,145.35,129.7,139.85,61.75,2023-02-06 15:15:00,2023-02-03 15:11:00,Held,PE SL hit,-412.5,-5096.249999999999,-5508.749999999999,2023-02-06 15:15:00,35936.25
2023-02-10 09:20:00,17837.6,17850,NIFTY16FEB2317850CE,NIFTY16FEB2317850PE,98.3,106.95,48.25,122.2,2023-02-13 12:16:00,2023-02-13 15:15:00,CE SL hit,Held,-3753.75,1143.75,-2610.0,2023-02-13 15:15:00,33326.25
2023-02-17 09:20:00,17969.95,17950,NIFTY23FEB2317950CE,NIFTY23FEB2317950PE,117.4,86.05,57.15,135.3,2023-02-20 13:49:00,2023-02-20 15:15:00,CE SL hit,Held,-4518.750000000001,3693.750000000001,-825.0,2023-02-20 15:15:00,32501.25
2023-02-24 09:20:00,17592.8,17600,NIFTY02MAR2317600CE,NIFTY02MAR2317600PE,115.6,103.6,49.95,201.2,2023-02-24 13:12:00,2023-02-27 15:15:00,CE SL hit,Held,-4923.749999999999,7320.0,2396.250000000001,2023-02-27 15:15:00,34897.5
2023-03-03 09:20:00,17457.6,17450,NIFTY09MAR2317450CE,NIFTY09MAR2317450PE,94.1,78.4,267.6,38.75,2023-03-06 15:15:00,2023-03-03 13:22:00,Held,PE SL hit,13012.500000000002,-2973.7500000000005,10038.750000000002,2023-03-06 15:15:00,44936.25
2023-03-10 09:20:00,17398.8,17400,NIFTY16MAR2317400CE,NIFTY16MAR2317400PE,115.75,112.05,55.95,54.3,2023-03-13 12:42:00,2023-03-13 09:19:00,CE SL hit,PE SL hit,-4485.0,-4331.25,-8816.25,2023-03-13 15:15:00,36120.0
2023-03-17 09:20:00,17097.5,17100,NIFTY23MAR2317100CE,NIFTY23MAR2317100PE,144.5,125.2,69.8,160.05,2023-03-20 09:17:00,2023-03-20 15:15:00,CE SL hit,Held,-5602.5,2613.7500000000005,-2988.7499999999995,2023-03-20 15:15:00,33131.25
2023-03-31 09:20:00,17255.4,17250,NIFTY06APR2317250CE,NIFTY06APR2317250PE,111.6,101.45,180.15,46.2,2023-04-03 15:15:00,2023-04-03 09:15:00,Held,PE SL hit,5141.250000000001,-4143.75,997.5000000000009,2023-04-03 15:15:00,34128.75
2023-04-21 09:20:00,17641.3,17650,NIFTY27APR2317650CE,NIFTY27APR2317650PE,96.5,81.8,135.85,40.85,2023-04-24 15:15:00,2023-04-24 13:18:00,Held,PE SL hit,2951.2499999999995,-3071.2499999999995,-120.0,2023-04-24 15:15:00,34008.75
2023-05-05 09:20:00,18168.7,18150,NIFTY11MAY2318150CE,NIFTY11MAY2318150PE,106.3,68.9,154.45,34.05,2023-05-08 15:15:00,2023-05-08 10:44:00,Held,PE SL hit,3611.2499999999995,-2613.7500000000005,997.4999999999991,2023-05-08 15:15:00,35006.25
2023-05-12 09:20:00,18251.75,18250,NIFTY18MAY2318250CE,NIFTY18MAY2318250PE,103.5,92.05,175.8,45.0,2023-05-15 15:15:00,2023-05-15 09:36:00,Held,PE SL hit,5422.500000000001,-3528.75,1893.750000000001,2023-05-15 15:15:00,36900.0
2023-05-19 09:20:00,18132.5,18150,NIFTY25MAY2318150CE,NIFTY25MAY2318150PE,106.3,84.75,201.0,38.8,2023-05-22 15:15:00,2023-05-22 09:21:00,Held,PE SL hit,7102.5,-3446.25,3656.25,2023-05-22 15:15:00,40556.25
2023-05-26 09:20:00,18340.0,18350,NIFTY01JUN2318350CE,NIFTY01JUN2318350PE,96.45,93.6,269.1,45.05,2023-05-29 15:15:00,2023-05-26 13:45:00,Held,PE SL hit,12948.750000000002,-3641.25,9307.500000000002,2023-05-29 15:15:00,49863.75
2023-06-02 09:20:00,18572.8,18550,NIFTY08JUN2318550CE,NIFTY08JUN2318550PE,120.25,71.55,113.9,35.65,2023-06-05 15:15:00,2023-06-05 10:19:00,Held,PE SL hit,-476.24999999999955,-2692.5,-3168.7499999999995,2023-06-05 15:15:00,46695.0
2023-06-09 09:20:00,18660.75,18650,NIFTY15JUN2318650CE,NIFTY15JUN2318650PE,105.85,73.7,52.9,76.0,2023-06-12 09:21:00,2023-06-12 15:15:00,CE SL hit,Held,-3971.2499999999995,172.49999999999977,-3798.75,2023-06-12 15:15:00,42896.25
2023-06-16 09:20:00,18745.3,18750,NIFTY22JUN2318750CE,NIFTY22JUN2318750PE,93.25,72.4,98.6,36.0,2023-06-19 15:15:00,2023-06-16 14:40:00,Held,PE SL hit,401.24999999999955,-2730.0000000000005,-2328.750000000001,2023-06-19 15:15:00,40567.5
2023-06-23 09:20:00,18711.85,18700,NIFTY29JUN2318700CE,NIFTY29JUN2318700PE,113.6,69.85,55.2,57.3,2023-06-26 13:09:00,2023-06-26 15:15:00,CE SL hit,Held,-4379.999999999999,-941.2499999999998,-5321.249999999999,2023-06-26 15:15:00,35246.25
2023-06-30 09:20:00,19075.5,19100,NIFTY06JUL2319100CE,NIFTY06JUL2319100PE,84.4,97.6,242.7,48.35,2023-07-03 15:15:00,2023-06-30 15:15:00,Held,PE SL hit,11872.499999999998,-3693.7499999999995,8178.749999999998,2023-07-03 15:15:00,43425.0
2023-07-07 09:20:00,19448.45,19450,NIFTY13JUL2319450CE,NIFTY13JUL2319450PE,103.45,103.05,48.45,123.65,2023-07-07 15:06:00,2023-07-10 15:15:00,CE SL hit,Held,-4125.0,1545.0000000000007,-2579.999999999999,2023-07-10 15:15:00,40845.0
2023-07-14 09:20:00,19487.75,19500,NIFTY20JUL2319500CE,NIFTY20JUL2319500PE,94.0,87.6,236.65,43.3,2023-07-17 15:15:00,2023-07-17 09:20:00,Held,PE SL hit,10698.75,-3322.5,7376.25,2023-07-17 15:15:00,48221.25
2023-07-21 09:20:00,19834.5,19850,NIFTY27JUL2319850CE,NIFTY27JUL2319850PE,136.3,98.75,66.1,190.95,2023-07-21 14:52:00,2023-07-24 15:15:00,CE SL hit,Held,-5265.000000000001,6914.999999999999,1649.9999999999982,2023-07-24 15:15:00,49871.25
2023-07-28 09:20:00,19613.6,19600,NIFTY03AUG2319600CE,NIFTY03AUG2319600PE,137.75,87.5,184.6,42.75,2023-07-31 15:15:00,2023-07-31 10:40:00,Held,PE SL hit,3513.7499999999995,-3356.25,157.49999999999955,2023-07-31 15:15:00,50028.75
2023-08-04 09:20:00,19477.1,19500,NIFTY10AUG2319500CE,NIFTY10AUG2319500PE,94.05,109.2,141.35,36.25,2023-08-07 15:15:00,2023-08-07 13:31:00,Held,PE SL hit,3547.5,-5471.25,-1923.75,2023-08-07 15:15:00,48105.0
2023-08-11 09:20:00,19496.35,19500,NIFTY17AUG2319500CE,NIFTY17AUG2319500PE,102.8,89.5,28.8,96.1,2023-08-14 09:15:00,2023-08-14 15:15:00,CE SL hit,Held,-5550.0,494.99999999999955,-5055.0,2023-08-14 15:15:00,43050.0
2023-08-18 09:20:00,19298.2,19300,NIFTY24AUG2319300CE,NIFTY24AUG2319300PE,93.75,95.7,122.45,47.8,2023-08-21 15:15:00,2023-08-21 11:51:00,Held,PE SL hit,2152.5,-3592.5000000000005,-1440.0000000000005,2023-08-21 15:15:00,41610.0
2023-08-25 09:20:00,19270.65,19250,NIFTY31AUG2319250CE,NIFTY31AUG2319250PE,111.15,88.15,113.0,35.85,2023-08-28 15:15:00,2023-08-28 14:02:00,Held,PE SL hit,138.74999999999957,-3922.5000000000005,-3783.750000000001,2023-08-28 15:15:00,37826.25
2023-09-01 09:20:00,19297.35,19300,NIFTY07SEP2319300CE,NIFTY07SEP2319300PE,115.3,80.6,250.1,39.2,2023-09-04 15:15:00,2023-09-01 14:00:00,Held,PE SL hit,10110.0,-3104.9999999999995,7005.0,2023-09-04 15:15:00,44831.25
2023-09-08 09:20:00,19763.8,19750,NIFTY14SEP2319750CE,NIFTY14SEP2319750PE,97.15,76.95,256.7,37.15,2023-09-11 15:15:00,2023-09-11 09:15:00,Held,PE SL hit,11966.249999999998,-2985.0000000000005,8981.249999999998,2023-09-11 15:15:00,53812.5
2023-09-15 09:20:00,20158.15,20150,NIFTY21SEP2320150CE,NIFTY21SEP2320150PE,118.1,81.85,66.1,69.55,2023-09-18 15:15:00,2023-09-18 15:15:00,Held,Held,-3900.0,-922.4999999999998,-4822.5,2023-09-18 15:15:00,48990.0
2023-09-22 09:20:00,19775.35,19800,NIFTY28SEP2319800CE,NIFTY28SEP2319800PE,99.1,102.8,48.55,133.0,2023-09-22 15:07:00,2023-09-25 15:15:00,CE SL hit,Held,-3791.25,2265.0,-1526.25,2023-09-25 15:15:00,47463.75
2023-10-06 09:20:00,19608.75,19600,NIFTY12OCT2319600CE,NIFTY12OCT2319600PE,97.6,91.8,47.2,130.3,2023-10-09 12:50:00,2023-10-09 15:15:00,CE SL hit,Held,-3779.9999999999995,2887.500000000001,-892.4999999999986,2023-10-09 15:15:00,46571.25
2023-10-13 09:20:00,19713.7,19700,NIFTY19OCT2319700CE,NIFTY19OCT2319700PE,108.0,96.2,109.4,47.75,2023-10-16 15:15:00,2023-10-16 11:46:00,Held,PE SL hit,105.00000000000043,-3633.75,-3528.7499999999995,2023-10-16 15:15:00,43042.5
2023-10-20 09:20:00,19566.1,19550,NIFTY26OCT2319550CE,NIFTY26OCT2319550PE,108.9,91.3,40.75,295.7,2023-10-23 10:27:00,2023-10-23 15:15:00,CE SL hit,Held,-5111.25,15329.999999999998,10218.749999999998,2023-10-23 15:15:00,53261.25
2023-10-27 09:20:00,18942.3,18950,NIFTY02NOV2318950CE,NIFTY02NOV2318950PE,126.85,119.4,235.4,58.45,2023-10-30 15:15:00,2023-10-27 13:46:00,Held,PE SL hit,8141.250000000001,-4571.25,3570.000000000001,2023-10-30 15:15:00,56831.25
2023-11-03 09:20:00,19247.6,19250,NIFTY09NOV2319250CE,NIFTY09NOV2319250PE,121.55,76.65,194.25,35.95,2023-11-06 15:15:00,2023-11-06 09:20:00,Held,PE SL hit,5452.5,-3052.5,2400.0,2023-11-06 15:15:00,59231.25
2023-11-10 09:20:00,19339.05,19350,NIFTY16NOV2319350CE,NIFTY16NOV2319350PE,87.3,90.5,131.15,44.75,2023-11-13 15:15:00,2023-11-10 15:23:00,Held,PE SL hit,3288.7500000000005,-3431.25,-142.49999999999955,2023-11-13 15:15:00,59088.75
2023-11-17 09:20:00,19745.8,19750,NIFTY23NOV2319750CE,NIFTY23NOV2319750PE,110.25,84.05,69.55,95.95,2023-11-20 15:15:00,2023-11-20 15:15:00,Held,Held,-3052.5,892.5000000000005,-2159.9999999999995,2023-11-20 15:15:00,56928.75
2023-12-01 09:20:00,20224.05,20200,NIFTY07DEC2320200CE,NIFTY07DEC2320200PE,171.65,89.75,515.05,14.1,2023-12-04 15:15:00,2023-12-04 09:15:00,Held,PE SL hit,25755.0,-5673.75,20081.25,2023-12-04 15:15:00,77010.0
2023-12-08 09:20:00,20947.65,20950,NIFTY14DEC2320950CE,NIFTY14DEC2320950PE,138.45,93.9,127.95,61.75,2023-12-11 15:15:00,2023-12-11 15:15:00,Held,Held,-787.499999999999,-2411.2500000000005,-3198.7499999999995,2023-12-11 15:15:00,73811.25
2023-12-15 09:20:00,21270.0,21250,NIFTY21DEC2321250CE,NIFTY21DEC2321250PE,164.6,74.05,215.6,36.85,2023-12-18 15:15:00,2023-12-18 11:12:00,Held,PE SL hit,3825.0,-2789.9999999999995,1035.0000000000005,2023-12-18 15:15:00,74846.25
2023-12-29 09:20:00,21714.8,21700,NIFTY04JAN2421700CE,NIFTY04JAN2421700PE,193.9,124.05,163.65,58.8,2024-01-01 15:15:00,2024-01-01 13:57:00,Held,PE SL hit,-2268.75,-4893.75,-7162.5,2024-01-01 15:15:00,67683.75
2024-01-05 09:20:00,21738.55,21750,NIFTY11JAN2421750CE,NIFTY11JAN2421750PE,115.4,121.15,56.35,249.8,2024-01-08 10:54:00,2024-01-08 15:15:00,CE SL hit,Held,-4428.75,9648.75,5220.0,2024-01-08 15:15:00,72903.75
2024-01-12 09:20:00,21740.85,21750,NIFTY18JAN2421750CE,NIFTY18JAN2421750PE,128.0,126.85,392.45,63.0,2024-01-15 15:15:00,2024-01-12 14:39:00,Held,PE SL hit,19833.75,-4788.75,15045.0,2024-01-15 15:15:00,87948.75
2024-02-02 09:20:00,21927.8,21950,NIFTY08FEB2421950CE,NIFTY08FEB2421950PE,163.35,169.9,70.25,286.65,2024-02-05 15:08:00,2024-02-05 15:15:00,CE SL hit,Held,-6982.5,8756.249999999998,1773.7499999999982,2024-02-05 15:15:00,89722.5
2024-02-09 09:20:00,21683.2,21700,NIFTY15FEB2421700CE,NIFTY15FEB2421700PE,192.35,161.4,101.8,190.15,2024-02-12 15:15:00,2024-02-12 15:15:00,Held,Held,-6791.25,2156.25,-4635.0,2024-02-12 15:15:00,85087.5
2024-02-16 09:20:00,22002.3,22000,NIFTY22FEB2422000CE,NIFTY22FEB2422000PE,174.15,145.0,205.8,71.8,2024-02-19 15:15:00,2024-02-19 12:42:00,Held,PE SL hit,2373.7500000000005,-5490.0,-3116.2499999999995,2024-02-19 15:15:00,81971.25
2024-02-23 09:20:00,22253.6,22250,NIFTY29FEB2422250CE,NIFTY29FEB2422250PE,176.6,151.0,88.0,191.6,2024-02-26 10:59:00,2024-02-26 15:15:00,CE SL hit,Held,-6645.0,3044.9999999999995,-3600.0000000000005,2024-02-26 15:15:00,78371.25
2024-03-01 09:20:00,22115.15,22100,NIFTY07MAR2422100CE,NIFTY07MAR2422100PE,196.45,136.75,328.0,67.5,2024-03-04 15:15:00,2024-03-01 15:28:00,Held,PE SL hit,9866.25,-5193.75,4672.5,2024-03-04 15:15:00,83043.75
2024-03-15 09:20:00,22081.85,22100,NIFTY21MAR2422100CE,NIFTY21MAR2422100PE,162.7,148.5,81.2,130.6,2024-03-18 09:48:00,2024-03-18 15:15:00,CE SL hit,Held,-6112.499999999999,-1342.5000000000005,-7455.0,2024-03-18 15:15:00,75588.75
2024-04-12 09:20:00,22700.8,22700,NIFTY18APR2422700CE,NIFTY18APR2422700PE,130.1,123.9,65.05,375.0,2024-04-12 14:21:00,2024-04-15 15:15:00,CE SL hit,Held,-4878.75,18832.5,13953.75,2024-04-15 15:15:00,89542.5
2024-04-19 09:20:00,21796.65,21800,NIFTY25APR2421800CE,NIFTY25APR2421800PE,200.2,167.6,558.6,80.25,2024-04-22 15:15:00,2024-04-19 13:51:00,Held,PE SL hit,26880.000000000004,-6551.25,20328.750000000004,2024-04-22 15:15:00,109871.25
2024-04-26 09:20:00,22589.8,22600,NIFTY02MAY2422600CE,NIFTY02MAY2422600PE,129.95,128.25,136.75,74.3,2024-04-29 15:15:00,2024-04-29 15:15:00,Held,Held,510.00000000000085,-4046.25,-3536.249999999999,2024-04-29 15:15:00,106335.0
2024-05-03 09:20:00,22766.65,22750,NIFTY09MAY2422750CE,NIFTY09MAY2422750PE,162.6,112.75,78.35,308.2,2024-05-03 11:30:00,2024-05-06 15:15:00,CE SL hit,Held,-6318.75,14658.75,8340.0,2024-05-06 15:15:00,114675.0
2024-05-10 09:20:00,21958.05,21950,NIFTY16MAY2421950CE,NIFTY16MAY2421950PE,208.25,145.8,100.7,67.75,2024-05-13 10:00:00,2024-05-13 13:54:00,CE SL hit,PE SL hit,-8066.25,-5853.750000000001,-13920.0,2024-05-13 15:15:00,100755.0
2024-05-24 09:20:00,22956.6,22950,NIFTY30MAY2422950CE,NIFTY30MAY2422950PE,204.45,148.7,152.2,65.95,2024-05-27 15:15:00,2024-05-27 11:56:00,Held,PE SL hit,-3918.75,-6206.249999999999,-10125.0,2024-05-27 15:15:00,90630.0
2024-05-31 09:20:00,22599.7,22600,NIFTY06JUN2422600CE,NIFTY06JUN2422600PE,438.45,393.65,799.55,114.45,2024-06-03 15:15:00,2024-06-03 09:16:00,Held,PE SL hit,27082.499999999996,-20940.0,6142.499999999996,2024-06-03 15:15:00,96772.5
2024-06-07 09:20:00,22859.3,22850,NIFTY13JUN2422850CE,NIFTY13JUN2422850PE,239.45,212.7,428.05,103.2,2024-06-10 15:15:00,2024-06-07 12:45:00,Held,PE SL hit,14145.000000000002,-8212.499999999998,5932.500000000004,2024-06-10 15:15:00,102705.0
2024-06-21 09:20:00,23609.3,23600,NIFTY27JUN2423600CE,NIFTY27JUN2423600PE,141.6,135.8,68.85,146.2,2024-06-21 14:35:00,2024-06-24 15:15:00,CE SL hit,Held,-5456.25,779.9999999999983,-4676.250000000002,2024-06-24 15:15:00,98028.75
2024-06-28 09:20:00,24100.25,24100,NIFTY04JUL2424100CE,NIFTY04JUL2424100PE,167.9,157.5,153.5,102.8,2024-07-01 15:15:00,2024-07-01 15:15:00,Held,Held,-1080.0000000000005,-4102.5,-5182.5,2024-07-01 15:15:00,92846.25
2024-07-05 09:20:00,24192.45,24200,NIFTY11JUL2424200CE,NIFTY11JUL2424200PE,140.3,132.65,184.6,65.75,2024-07-08 15:15:00,2024-07-05 15:07:00,Held,PE SL hit,3322.4999999999986,-5017.5,-1695.0000000000014,2024-07-08 15:15:00,91151.25
2024-07-12 09:20:00,24347.65,24350,NIFTY18JUL2424350CE,NIFTY18JUL2424350PE,140.95,102.2,282.75,50.55,2024-07-15 15:15:00,2024-07-12 14:12:00,Held,PE SL hit,10635.0,-3873.7500000000005,6761.25,2024-07-15 15:15:00,97912.5
2024-07-19 09:20:00,24738.55,24750,NIFTY25JUL2424750CE,NIFTY25JUL2424750PE,232.0,222.75,97.75,358.6,2024-07-22 09:15:00,2024-07-22 15:15:00,CE SL hit,Held,-10068.75,10188.750000000002,120.00000000000182,2024-07-22 15:15:00,98032.5
2024-07-26 09:20:00,24464.1,24450,NIFTY01AUG2424450CE,NIFTY01AUG2424450PE,152.55,139.75,419.1,66.5,2024-07-29 15:15:00,2024-07-26 11:25:00,Held,PE SL hit,19991.25,-5493.75,14497.5,2024-07-29 15:15:00,112530.0
2024-08-02 09:20:00,24832.8,24850,NIFTY08AUG2424850CE,NIFTY08AUG2424850PE,141.8,167.45,17.1,786.4,2024-08-05 09:49:00,2024-08-05 15:15:00,CE SL hit,Held,-9352.500000000002,46421.25,37068.75,2024-08-05 15:15:00,149598.75
2024-08-16 09:20:00,24355.7,24350,NIFTY22AUG2424350CE,NIFTY22AUG2424350PE,172.1,130.05,259.8,63.5,2024-08-19 15:15:00,2024-08-16 15:03:00,Held,PE SL hit,6577.500000000001,-4991.250000000001,1586.25,2024-08-19 15:15:00,151185.0
2024-08-23 09:20:00,24800.3,24800,NIFTY29AUG2424800CE,NIFTY29AUG2424800PE,147.3,126.55,276.0,30.5,2024-08-26 15:15:00,2024-08-26 11:37:00,Held,PE SL hit,9652.5,-7203.75,2448.75,2024-08-26 15:15:00,153633.75
2024-08-30 09:20:00,25226.85,25250,NIFTY05SEP2425250CE,NIFTY05SEP2425250PE,132.1,134.7,115.8,96.15,2024-09-02 15:15:00,2024-09-02 15:15:00,Held,Held,-1222.4999999999998,-2891.2499999999986,-4113.749999999998,2024-09-02 15:15:00,149520.0
2024-09-06 09:20:00,25096.75,25100,NIFTY12SEP2425100CE,NIFTY12SEP2425100PE,139.6,132.2,68.1,213.0,2024-09-06 12:52:00,2024-09-09 15:15:00,CE SL hit,Held,-5362.5,6060.000000000001,697.5000000000009,2024-09-09 15:15:00,150217.5
2024-09-13 09:20:00,25345.2,25350,NIFTY19SEP2425350CE,NIFTY19SEP2425350PE,144.8,141.0,142.45,82.6,2024-09-16 15:15:00,2024-09-16 15:15:00,Held,Held,-176.2500000000017,-4380.0,-4556.250000000002,2024-09-16 15:15:00,145661.25
2024-09-20 09:20:00,25470.05,25450,NIFTY26SEP2425450CE,NIFTY26SEP2425450PE,180.5,146.75,492.0,73.0,2024-09-23 15:15:00,2024-09-20 11:48:00,Held,PE SL hit,23362.5,-5531.25,17831.25,2024-09-23 15:15:00,163492.5
2024-09-27 09:20:00,26227.2,26250,NIFTY03OCT2426250CE,NIFTY03OCT2426250PE,143.0,149.65,39.9,413.7,2024-09-30 09:57:00,2024-09-30 15:15:00,CE SL hit,Held,-7732.5,19803.749999999996,12071.249999999996,2024-09-30 15:15:00,175563.75
2024-10-04 09:20:00,25169.05,25150,NIFTY10OCT2425150CE,NIFTY10OCT2425150PE,257.15,156.2,128.25,377.7,2024-10-04 14:44:00,2024-10-07 15:15:00,CE SL hit,Held,-9667.499999999998,16612.5,6945.000000000002,2024-10-07 15:15:00,182508.75
2024-10-11 09:20:00,24952.25,24950,NIFTY17OCT2424950CE,NIFTY17OCT2424950PE,189.5,150.8,232.05,73.05,2024-10-14 15:15:00,2024-10-14 09:43:00,Held,PE SL hit,3191.250000000001,-5831.250000000001,-2640.0,2024-10-14 15:15:00,179868.75
2024-10-18 09:20:00,24603.45,24600,NIFTY24OCT2424600CE,NIFTY24OCT2424600PE,195.0,159.5,211.45,77.85,2024-10-21 15:15:00,2024-10-18 11:38:00,Held,PE SL hit,1233.749999999999,-6123.75,-4890.000000000001,2024-10-21 15:15:00,174978.75
2024-10-25 09:20:00,24410.7,24400,NIFTY31OCT2424400CE,NIFTY31OCT2424400PE,171.9,147.9,78.8,131.0,2024-10-25 10:46:00,2024-10-28 15:15:00,CE SL hit,Held,-6982.500000000001,-1267.5000000000005,-8250.000000000002,2024-10-28 15:15:00,166728.75
2024-11-08 09:20:00,24074.05,24050,NIFTY14NOV2424050CE,NIFTY14NOV2424050PE,204.45,169.25,189.1,67.1,2024-11-11 15:15:00,2024-11-11 13:20:00,Held,PE SL hit,-1151.2499999999995,-7661.25,-8812.5,2024-11-11 15:15:00,157916.25
2024-11-22 09:20:00,23424.6,23400,NIFTY28NOV2423400CE,NIFTY28NOV2423400PE,205.2,164.05,877.1,80.6,2024-11-25 15:15:00,2024-11-22 13:59:00,Held,PE SL hit,50392.50000000001,-6258.750000000001,44133.75000000001,2024-11-25 15:15:00,202050.0
2024-11-29 09:20:00,23988.05,24000,NIFTY05DEC2424000CE,NIFTY05DEC2424000PE,212.9,166.4,367.25,82.45,2024-12-02 15:15:00,2024-11-29 14:00:00,Held,PE SL hit,11576.25,-6296.25,5280.0,2024-12-02 15:15:00,207330.0
2024-12-06 09:20:00,24698.0,24700,NIFTY12DEC2424700CE,NIFTY12DEC2424700PE,245.65,232.7,121.0,200.9,2024-12-09 10:01:00,2024-12-09 15:15:00,CE SL hit,Held,-9348.75,-2384.9999999999986,-11733.749999999998,2024-12-09 15:15:00,195596.25
2024-12-13 09:20:00,24455.45,24450,NIFTY19DEC2424450CE,NIFTY19DEC2424450PE,191.3,172.75,94.95,84.25,2024-12-13 10:46:00,2024-12-13 13:35:00,CE SL hit,PE SL hit,-7226.250000000001,-6637.5,-13863.75,2024-12-16 15:15:00,181732.5
2024-12-20 09:20:00,23924.8,23900,NIFTY26DEC2423900CE,NIFTY26DEC2423900PE,230.6,182.65,115.1,179.05,2024-12-20 13:39:00,2024-12-23 15:15:00,CE SL hit,Held,-8662.5,-269.99999999999955,-8932.5,2024-12-23 15:15:00,172800.0
2024-12-27 09:20:00,23827.5,23850,NIFTY02JAN2523850CE,NIFTY02JAN2523850PE,185.2,168.05,90.7,222.6,2024-12-30 09:25:00,2024-12-30 15:15:00,CE SL hit,Held,-7087.499999999999,4091.2499999999986,-2996.2500000000005,2024-12-30 15:15:00,169803.75
